namespace,title,link,tag
Module,predicates101meta,http://101wiki.softlang.org/Module:predicates101meta,0
Contribution,antlr4Lexer,http://101wiki.softlang.org/Contribution:antlr4Lexer,0
Concept,Parser,http://101wiki.softlang.org/Concept:Parser,0
Concept,Maybe type,http://101wiki.softlang.org/Concept:Maybe_type,2
Feature,Wiki analysis demo,http://101wiki.softlang.org/Feature:Wiki_analysis_demo,0
Concept,Associative Array,http://101wiki.softlang.org/Concept:Associative_Array,0
Feature,Conversion,http://101wiki.softlang.org/Feature:Conversion,2
Concept,Grammar transformation,http://101wiki.softlang.org/Concept:Grammar_transformation,0
Technology,Sinatra,http://101wiki.softlang.org/Technology:Sinatra,1
Contribution,pyBorg,http://101wiki.softlang.org/Contribution:pyBorg,2
Concept,Tree Walker,http://101wiki.softlang.org/Concept:Tree_Walker,0
Technology,Java Servlet,http://101wiki.softlang.org/Technology:Java_Servlet,0
Feature,Visualization,http://101wiki.softlang.org/Feature:Visualization,1
Contribution,OCL using USE,http://101wiki.softlang.org/Contribution:OCL_using_USE,2
Technology,LogicBlox,http://101wiki.softlang.org/Technology:LogicBlox,0
Technology,BCEL,http://101wiki.softlang.org/Technology:BCEL,0
Concept,MVC,http://101wiki.softlang.org/Concept:MVC,0
Contribution,antlr4ParseTreeVisitor,http://101wiki.softlang.org/Contribution:antlr4ParseTreeVisitor,1
Contributor,kkraemer,http://101wiki.softlang.org/Contributor:kkraemer,0
Concept,Monoid,http://101wiki.softlang.org/Concept:Monoid,2
Concept,Access control,http://101wiki.softlang.org/Concept:Access_control,0
Script,Unparsing and parsing in Haskell,http://101wiki.softlang.org/Script:Unparsing_and_parsing_in_Haskell,1
Concept,Schema-first mapping,http://101wiki.softlang.org/Concept:Schema-first_mapping,0
Document,Handbook of data structures and applications,http://101wiki.softlang.org/Document:Handbook_of_data_structures_and_applications,0
Concept,Integer,http://101wiki.softlang.org/Concept:Integer,0
Vocabulary,OO programming,http://101wiki.softlang.org/Vocabulary:OO_programming,0
Language,Cobol,http://101wiki.softlang.org/Language:Cobol,0
Contribution,silverlight,http://101wiki.softlang.org/Contribution:silverlight,2
Concept,Parsing,http://101wiki.softlang.org/Concept:Parsing,0
Concept,Annotation language,http://101wiki.softlang.org/Concept:Annotation_language,0
Contribution,clojure,http://101wiki.softlang.org/Contribution:clojure,1
Module,themesExtractor,http://101wiki.softlang.org/Module:themesExtractor,0
Concept,Web technology,http://101wiki.softlang.org/Concept:Web_technology,0
Contribution,haskellSpec,http://101wiki.softlang.org/Contribution:haskellSpec,0
Concept,Implicit conversion,http://101wiki.softlang.org/Concept:Implicit_conversion,0
Concept,Regression testing,http://101wiki.softlang.org/Concept:Regression_testing,0
Contribution,spreadsheet,http://101wiki.softlang.org/Contribution:spreadsheet,1
Concept,Metaprogram,http://101wiki.softlang.org/Concept:Metaprogram,1
Technology,Mercurial,http://101wiki.softlang.org/Technology:Mercurial,0
Concept,Reference counting,http://101wiki.softlang.org/Concept:Reference_counting,2
Concept,Tool,http://101wiki.softlang.org/Concept:Tool,0
Concept,Resource,http://101wiki.softlang.org/Concept:Resource,0
Property,supports,http://101wiki.softlang.org/Property:supports,1
Concept,Remote procedure call,http://101wiki.softlang.org/Concept:Remote_procedure_call,0
Concept,Core,http://101wiki.softlang.org/Concept:Core,0
Concept,Constructor,http://101wiki.softlang.org/Concept:Constructor,0
Feature,Touch control,http://101wiki.softlang.org/Feature:Touch_control,0
Concept,Design,http://101wiki.softlang.org/Concept:Design,0
Concept,Const-correctness,http://101wiki.softlang.org/Concept:Const-correctness,1
Concept,Partial application,http://101wiki.softlang.org/Concept:Partial_application,2