page,more than once,once,rating
Course:Lambdas_in_Koblenz,111.0,200.0,-89.0
Script:First_steps_in_Haskell,67.0,137.0,-70.0
Data_composition,20.0,75.0,-55.0
Structured_programming,25.0,73.0,-48.0
Data_modeling_in_Haskell,6.0,54.0,-48.0
Linear_search,35.0,72.0,-37.0
Concept:Data_modeling_in_Haskell,7.0,37.0,-30.0
Theme:Web_applications_in_Java,0.0,27.0,-27.0
Concept:Concrete_data_type,2.0,28.0,-26.0
Concept:Selection_sort,8.0,34.0,-26.0
Vocabulary:Programming_languages,2.0,28.0,-26.0
Concept:Rose_tree,16.0,41.0,-25.0
Concept:Data_composition,6.0,30.0,-24.0
Concrete_data_type,2.0,23.0,-21.0
Contribution:OCL_using_USE,3.0,21.0,-18.0
Concept:State_monad,5.0,23.0,-18.0
Text_to_Model_transformation,3.0,20.0,-17.0
Theme:Java_mapping,1.0,15.0,-14.0
Requirement,10.0,24.0,-14.0
List,10.0,23.0,-13.0
Basic_software_engineering_for_Haskell,1.0,13.0,-12.0
State_monad,15.0,27.0,-12.0
Language:XML,1.0,13.0,-12.0
scripts/Contribution:antlr4ParseTreeVisitor,1.0,12.0,-11.0
Technology:SAX,12.0,23.0,-11.0
Goto,18.0,28.0,-10.0
Data_requirement,0.0,10.0,-10.0
Web_UI_REST_API,2.0,12.0,-10.0
Concept:Abstract_factory_pattern,7.0,16.0,-9.0
Selection_sort,35.0,44.0,-9.0
Writer_monad,9.0,17.0,-8.0
Contribution:argoUML,3.0,11.0,-8.0
Array,14.0,22.0,-8.0
Theme:Python_potpourri,0.0,8.0,-8.0
B%C3%B6hm-Jacopini_theorem,24.0,31.0,-7.0
Technology:LogicBlox,0.0,7.0,-7.0
scripts/LaemmelO06,8.0,15.0,-7.0
Technology:Bouncy_Castle,0.0,7.0,-7.0
Contribution:jdom,22.0,28.0,-6.0
Script:Unparsing_and_parsing_in_Haskell,63.0,69.0,-6.0
Vocabulary:Software_engineering,0.0,6.0,-6.0
Merge_sort,8.0,14.0,-6.0
Concept:Insertion_sort,8.0,14.0,-6.0
Concept:Semantic_equality,1.0,7.0,-6.0
Function_Sequence,0.0,6.0,-6.0
Contribution:antlr4ParseTreeVisitor,1.0,7.0,-6.0
Concept:Linear_search,64.0,69.0,-5.0
Concept:Recursion_removal,0.0,5.0,-5.0
Contributor:tschnitzler1976,3.0,8.0,-5.0
First_steps_in_Haskell,0.0,5.0,-5.0
Fold_algebra,2.0,7.0,-5.0
Contributor:Nils_Breest,0.0,5.0,-5.0
Concept:Context-free_grammar,0.0,4.0,-4.0
101wiki,6.0,10.0,-4.0
Concept:Type_signature,2.0,6.0,-4.0
Software_technology,4.0,8.0,-4.0
Contribution:xslt,2.0,6.0,-4.0
Higher-order_functions_in_Haskell,1.0,5.0,-4.0
Search_problem,11.0,15.0,-4.0
Concept:Structured_programming,1.0,5.0,-4.0
Vocabulary:Functional_programming,2.0,6.0,-4.0
Contribution:zend,1.0,5.0,-4.0
Contribution:wxHaskell,0.0,4.0,-4.0
Combinator,0.0,4.0,-4.0
Namespace:101,0.0,4.0,-4.0
Contribution:php,0.0,4.0,-4.0
Scrap_your_boilerplate,3.0,7.0,-4.0
Abstraction,7.0,11.0,-4.0
Contribution:hibernate,4.0,8.0,-4.0
Transcompiler,0.0,4.0,-4.0
scripts/Technology:LogicBlox,0.0,4.0,-4.0
Contribution:mps,0.0,3.0,-3.0
Concept:Immutable_list,2.0,5.0,-3.0
Concept:Haskell_genericity,0.0,3.0,-3.0
Concept:Visitor_pattern,3.0,6.0,-3.0
Functional_requirement,4.0,7.0,-3.0
Vocabulary:Software_language_engineering,2.0,5.0,-3.0
Concept:Imperative_data_structure,0.0,3.0,-3.0
Memory_management,0.0,3.0,-3.0
Feature:Company,1.0,4.0,-3.0
Template_method_pattern,4.0,7.0,-3.0
Contribution:javaVisitor,4.0,7.0,-3.0
Observer_pattern,2.0,5.0,-3.0
Language:Datalog,0.0,3.0,-3.0
Contribution:xtext,1.0,4.0,-3.0
Concept:Scripting_language,0.0,3.0,-3.0
Contribution:emfGenerative,1.0,4.0,-3.0
Contribution:egl,0.0,3.0,-3.0
101repo,1.0,4.0,-3.0
Script:Searching_and_sorting_in_Haskell,139.0,142.0,-3.0
101worker,2.0,5.0,-3.0
@project,0.0,3.0,-3.0
Domain-specific_language,1.0,4.0,-3.0
Feature:Abstraction,1.0,4.0,-3.0
Concept:Map_function,1.0,4.0,-3.0
Concept:Software_language,1.0,4.0,-3.0
Theme:Haskell_introduction,4.0,7.0,-3.0
IDE_Creation,0.0,3.0,-3.0
Concept:Text_to_Model_transformation,0.0,3.0,-3.0
Technology:QuickCheck,3.0,6.0,-3.0
Programming_idiom,1.0,4.0,-3.0
Course:Programming_in_Koblenz,1.0,4.0,-3.0
Technology:Xtext,3.0,6.0,-3.0
Quicksort,9.0,12.0,-3.0
Namespace:Feature,6.0,9.0,-3.0
XMLware,0.0,3.0,-3.0
Fibonacci_sequence/create_new_page_confirmation,0.0,2.0,-2.0
Concept:Structural_equality,1.0,3.0,-2.0
Concept:Control-flow_graph,0.0,2.0,-2.0
Contribution:pythonSyb,2.0,4.0,-2.0
Concept:Software_feature,0.0,2.0,-2.0
Semantic_equality,11.0,13.0,-2.0
Technology:ReactNative,3.0,5.0,-2.0
Concept:101wiki,1.0,3.0,-2.0
Language:RAR,2.0,4.0,-2.0
Data_exchange,0.0,2.0,-2.0
Technology:Jackson_JSON_Processor,0.0,2.0,-2.0
scripts/Script:Higher-order_functions_in_Haskell,0.0,2.0,-2.0
UI_requirement,0.0,2.0,-2.0
@worker,0.0,2.0,-2.0
Programming_paradigm,0.0,2.0,-2.0
Java,0.0,2.0,-2.0
Contribution:csharpAspNetMvc,0.0,2.0,-2.0
scripts/Technology:Haddock,0.0,2.0,-2.0
Concept:Fibonacci_number,0.0,2.0,-2.0
Technology:Haxe/edit,0.0,2.0,-2.0
Contribution:fsharp,0.0,2.0,-2.0
Language:FSharp,0.0,2.0,-2.0
Type:Concept,0.0,2.0,-2.0
Technology:Haxe,0.0,2.0,-2.0
Contributor:arkadi-schmidt,0.0,2.0,-2.0
Concept:Divide_and_conquer_algorithm,1.0,3.0,-2.0
Contribution:hbase,0.0,2.0,-2.0
Contribution:html5XMLHttpRequest,0.0,2.0,-2.0
Syntax_definition,1.0,3.0,-2.0
Technology:Smack,0.0,2.0,-2.0
Functional_data_structures,1.0,3.0,-2.0
Concept:Foldable_type,4.0,6.0,-2.0
Contribution:linq2DataSet,0.0,2.0,-2.0
Technical_segment,0.0,2.0,-2.0
Haskell_script,0.0,2.0,-2.0
Contribution:hibernate2,0.0,2.0,-2.0
Hierarchical_company,0.0,2.0,-2.0
Contribution:javaSyb,0.0,2.0,-2.0
scripts/Abstract_data_type,0.0,2.0,-2.0
Contribution:JavaFXFlatcompany,0.0,2.0,-2.0
Technology:BSF,1.0,3.0,-2.0
scripts/Contribution:mongodb,0.0,2.0,-2.0
Software_feature,0.0,2.0,-2.0
scripts/Contribution:xsdDataSet,0.0,2.0,-2.0
Technology:jsTree,1.0,3.0,-2.0
Technology:log4j,0.0,2.0,-2.0
Contribution:haskellLogging,0.0,1.0,-1.0
Set,2.0,3.0,-1.0
Database_programming,0.0,1.0,-1.0
Data_variation,9.0,10.0,-1.0
Data_modeling,0.0,1.0,-1.0
Data_manipulation_language,0.0,1.0,-1.0
Concept:Parsing,7.0,8.0,-1.0
Course:Web_programming_for_Debeka,0.0,1.0,-1.0
Contributor:hutzg5,0.0,1.0,-1.0
Theme:NoSQL,0.0,1.0,-1.0
Theme:Haskell_genericity,1.0,2.0,-1.0
Concept:Reader_monad,0.0,1.0,-1.0
Theme:Datalog_basics,0.0,1.0,-1.0
Concept:Recursion,0.0,1.0,-1.0
Concept:Regular_expression,0.0,1.0,-1.0
Contributor:mastermaiknemo/edit,0.0,1.0,-1.0
Course:Lambdas_at_UvA,12.0,13.0,-1.0
Conversion,0.0,1.0,-1.0
Contribution:pyBorg/edit,0.0,1.0,-1.0
Sqlite,0.0,1.0,-1.0
Contribution:javaRmi,0.0,1.0,-1.0
Contribution:javaMessagingSubscription/create_new_page_confirmation,0.0,1.0,-1.0
Technology:QTCreator,0.0,1.0,-1.0
Contribution:ForkBomb/edit,0.0,1.0,-1.0
Contribution:N/create_new_page_confirmation,0.0,1.0,-1.0
Contribution:javaMessaging/create_new_page_confirmation,0.0,1.0,-1.0
Technology:POI,0.0,1.0,-1.0
Technology:OSCache,0.0,1.0,-1.0
Contribution:html5local,0.0,1.0,-1.0
Contribution:html5ajax/edit,0.0,1.0,-1.0
Technology:Make,0.0,1.0,-1.0
Contribution:hdbc,0.0,1.0,-1.0
Contribution:haskellWriter,0.0,1.0,-1.0
Contribution:javaScanner,0.0,1.0,-1.0
Contribution:haskellSpec,1.0,2.0,-1.0
Technology:Guava,1.0,2.0,-1.0
Contribution:cobol,1.0,2.0,-1.0
Technology:HBase,0.0,1.0,-1.0
Contribution:cpp,1.0,2.0,-1.0
Contribution:csharpAspNetMvc/edit,0.0,1.0,-1.0
Technology:HDBC,0.0,1.0,-1.0
Contribution:haskellComposition/edit,0.0,1.0,-1.0
Technology:JGoodies,0.0,1.0,-1.0
Technology:HXT,0.0,1.0,-1.0
Contribution:emftext,0.0,1.0,-1.0
Technology:JBoss_Application_Server,0.0,1.0,-1.0
Contribution:gra2mol,1.0,2.0,-1.0
Contribution:gwtTree,0.0,1.0,-1.0
Technology:Java_Bean,0.0,1.0,-1.0
Concept:Searching_and_sorting_in_Haskell,0.0,1.0,-1.0
Technology:Apache_XML-RPC,0.0,1.0,-1.0
Technology:Android,0.0,1.0,-1.0
Concept:Software_concept,0.0,1.0,-1.0
Contribution:yapg,0.0,1.0,-1.0
Concept:Strict_evaluation,1.0,2.0,-1.0
Contribution:xpathAPI,14.0,15.0,-1.0
Contribution:wcf,1.0,2.0,-1.0
Technology:iText,0.0,1.0,-1.0
Contribution:tmvar,0.0,1.0,-1.0
Concept:Syntax_definition,0.0,1.0,-1.0
Contribution:swing,0.0,1.0,-1.0
Contribution:strutsXml,0.0,1.0,-1.0
Contribution:strutsAnnotation,0.0,1.0,-1.0
Structured_program_theorem,0.0,1.0,-1.0
Contribution:rascal,0.0,1.0,-1.0
Technology:Ant,0.0,1.0,-1.0
Contribution:qt,0.0,1.0,-1.0
Contribution:pyjson,0.0,1.0,-1.0
Design_patterns/create_new_page_confirmation,0.0,1.0,-1.0
Contribution:projectLb,0.0,1.0,-1.0
Concept:Type_class_Ord,0.0,1.0,-1.0
Technology:Spring,0.0,1.0,-1.0
Syntax%20definition/edit,0.0,1.0,-1.0
Contribution:mongodb,6.0,7.0,-1.0
Technology:Sinatra/edit,0.0,1.0,-1.0
Contribution:linq2Sql,0.0,1.0,-1.0
Concept:Web_UI_REST_API,0.0,1.0,-1.0
Technology:101worker,1.0,2.0,-1.0
Concept:Zipper_monad,0.0,1.0,-1.0
Technology:SAX/edit,1.0,2.0,-1.0
Contribution:pythonDjango,1.0,2.0,-1.0
Concept:OO_programming,0.0,1.0,-1.0
Expression_problem,0.0,1.0,-1.0
Development-time_quality,0.0,1.0,-1.0
Cabal,0.0,1.0,-1.0
Lexical_analysis,0.0,1.0,-1.0
Haskell,0.0,1.0,-1.0
Haskell_genericity,0.0,1.0,-1.0
Languages:Java/create_new_page_confirmation,0.0,1.0,-1.0
Behavioral_modeling,0.0,1.0,-1.0
GoF_design_patterns/create_new_page_confirmation,0.0,1.0,-1.0
Hierarchical_company/create_new_page_confirmation,0.0,1.0,-1.0
scripts/101contributor,0.0,1.0,-1.0
Language:xjc_POJOs,0.0,1.0,-1.0
Language:sparql,0.0,1.0,-1.0
scripts/101haskell,0.0,1.0,-1.0
Information:Contact,0.0,1.0,-1.0
scripts/Contribution:antlr4ParseTreeListener,0.0,1.0,-1.0
IO_behavior,1.0,2.0,-1.0
Generic_programming,0.0,1.0,-1.0
MVar,0.0,1.0,-1.0
Client-server_architecture,0.0,1.0,-1.0
Monadic_style,0.0,1.0,-1.0
Feature:Web_UI,0.0,1.0,-1.0
Modular_programming,0.0,1.0,-1.0
Feature_modeling,1.0,2.0,-1.0
Modelware,0.0,1.0,-1.0
File_system,0.0,1.0,-1.0
resource/lanuage,0.0,1.0,-1.0
Foldable%20type/edit,0.0,1.0,-1.0
Concept:Abstraction_mechanism,0.0,1.0,-1.0
Concept:OO_class,0.0,1.0,-1.0
Concept:101simplejava,0.0,1.0,-1.0
Menu_Inflater,0.0,1.0,-1.0
Concept:101haskell,0.0,1.0,-1.0
Functional_OO_programming,0.0,1.0,-1.0
Generalized_fold,0.0,1.0,-1.0
scripts/Contribution:atl,0.0,1.0,-1.0
scripts/Contribution:emfGenerative,0.0,1.0,-1.0
scripts/Contribution:javaExorcism,0.0,1.0,-1.0
scripts/Contribution:jxpath,0.0,1.0,-1.0
@system,1.0,2.0,-1.0
@repo,0.0,1.0,-1.0
@contributor,0.0,1.0,-1.0
scripts/Technology:JAXB,0.0,1.0,-1.0
Language:BMML,0.0,1.0,-1.0
101project/edit,1.0,2.0,-1.0
scripts/Technology:Moops,0.0,1.0,-1.0
scripts/Technology:jsTree,0.0,1.0,-1.0
101explorer/edit,0.0,1.0,-1.0
scripts/Visitor_pattern,0.0,1.0,-1.0
101data,1.0,2.0,-1.0
Language:Groovy,0.0,1.0,-1.0
Language:DatalogLB,1.0,2.0,-1.0
Language:EBNF,0.0,1.0,-1.0
101:@project,1.0,2.0,-1.0
ANTLR,0.0,1.0,-1.0
Concept:Applicative_functor,0.0,1.0,-1.0
scripts/Software_extension_and_integration_with_type_classes,0.0,1.0,-1.0
Language:PHP,0.0,1.0,-1.0
scripts/Contribution:pyjson,0.0,1.0,-1.0
Alternative_feature,0.0,1.0,-1.0
scripts/Contribution:silverlight,0.0,1.0,-1.0
scripts/Contribution:tmvar,0.0,1.0,-1.0
Algebraic_specification,0.0,1.0,-1.0
scripts/Divide%20and%20conquer%20algorithm,0.0,1.0,-1.0
scripts/Fold_algebra,0.0,1.0,-1.0
scripts/Lexer,0.0,1.0,-1.0
Language:SQL,0.0,1.0,-1.0
scripts/Linear_search,0.0,1.0,-1.0
scripts/Pattern_matching,0.0,1.0,-1.0
Abstract_syntax_definition,2.0,3.0,-1.0
Language:RDF,0.0,1.0,-1.0
Abstract_class,0.0,1.0,-1.0
Just-in-time_compilation,0.0,1.0,-1.0
Language%20implementation/create_new_page_confirmation,0.0,1.0,-1.0
Concept:B%C3%B6hm-Jacopini_theorem,2.0,3.0,-1.0
Concept:ATL_plugin,0.0,1.0,-1.0
Monads,0.0,1.0,-1.0
Concept:Human_resource_management_system,0.0,1.0,-1.0
Vocabulary:OO_programming,0.0,1.0,-1.0
Vocabulary:Programming,2.0,3.0,-1.0
Concept:Haskell_potpourri,0.0,1.0,-1.0
Web_UI,0.0,1.0,-1.0
Relationalware,0.0,1.0,-1.0
Regular_expression,0.0,1.0,-1.0
Zipper_monad,0.0,1.0,-1.0
Query,0.0,1.0,-1.0
Quadratic_equation,0.0,1.0,-1.0
Proxy_pattern,2.0,3.0,-1.0
Concept:Basic_data_modeling_in_Haskell,0.0,1.0,-1.0
Concept:Fold_algebra,0.0,1.0,-1.0
Feature:Dimensionality,0.0,1.0,-1.0
Feature:Distribution,1.0,2.0,-1.0
Vocabulary:Haskell,0.0,1.0,-1.0
Property:embeds,0.0,1.0,-1.0
Vocabulary:Data_modeling,0.0,1.0,-1.0
Run-time_quality,0.0,1.0,-1.0
Concept:Non-functional_requirement,1.0,2.0,-1.0
Section:Headline/create_new_page_confirmation,0.0,1.0,-1.0
Scripting_language,0.0,1.0,-1.0
Script:Language_processing_patterns,0.0,1.0,-1.0
Type_class_Ord,1.0,2.0,-1.0
Script:Higher-order_functions_in_Haskell,61.0,62.0,-1.0
URI/edit,0.0,1.0,-1.0
Concept:MVar,0.0,1.0,-1.0
Union,0.0,1.0,-1.0
Unparsing_and_parsing_in_Haskell,3.0,4.0,-1.0
Concept:Linked_list,0.0,1.0,-1.0
Concept:Lexer,0.0,1.0,-1.0
Technology:HaskellDB,0.0,1.0,-1.0
Fact_extractor,0.0,1.0,-1.0
Concept:Java_annotation,0.0,1.0,-1.0
Vocabulary:101companies,0.0,1.0,-1.0
Concept:Expression,0.0,1.0,-1.0
Feature:COI,5.0,6.0,-1.0
Technology:Hamcrest,0.0,1.0,-1.0
Object_Scoping,0.0,1.0,-1.0
Concept:DBMS,0.0,1.0,-1.0
Open_serialization,0.0,1.0,-1.0
Operator,0.0,1.0,-1.0
Object-Text_mapping,0.0,1.0,-1.0
Object-Relational_mapping,1.0,2.0,-1.0
Output,0.0,1.0,-1.0
NoSQL,0.0,1.0,-1.0
NativeScript/create_new_page_confirmation,0.0,1.0,-1.0
Namespace:Theme,1.0,2.0,-1.0
Concept:Documentation,0.0,1.0,-1.0
Concept:Data_manipulation_language,0.0,1.0,-1.0
Concept:Build_management,0.0,1.0,-1.0
Concept:Documentation_generation,0.0,1.0,-1.0
Feature:Mentoring,4.0,5.0,-1.0
Namespace:Contribution/edit,0.0,1.0,-1.0
Namespace:Dotnet,0.0,1.0,-1.0
Contribution:haskellSyb,1.0,1.0,0.0
Decorator_pattern,2.0,2.0,0.0
Contribution:sax,20.0,20.0,0.0
Divide_and_conquer_algorithm,1.0,1.0,0.0
Technology:Gradle,6.0,6.0,0.0
Object-XML_mapping,1.0,1.0,0.0
Contribution:hadoop,1.0,1.0,0.0
Data_model,1.0,1.0,0.0
Method,4.0,4.0,0.0
Numeric_algorithm,1.0,1.0,0.0
Encapsulation/create_new_page_confirmation,1.0,1.0,0.0
Contribution:happstack,1.0,1.0,0.0
Contribution:pyVisitors,1.0,1.0,0.0
Technology:EJB,1.0,1.0,0.0
Language:CSharp,1.0,1.0,0.0
Namespace:Language/edit,2.0,2.0,0.0
Technology:Hadoop,1.0,1.0,0.0
Script:Generic_functions,3.0,3.0,0.0
Contribution:javaTree,1.0,1.0,0.0
McCarthy_91_function/create_new_page_confirmation,1.0,1.0,0.0
Software_language,5.0,5.0,0.0
Feature:Interpretation,1.0,1.0,0.0
Large_banana,1.0,1.0,0.0
Property:addresses/create_new_page_confirmation,1.0,1.0,0.0
Lazy_evaluation,12.0,12.0,0.0
Contribution:javaReflection,4.0,4.0,0.0
Contribution:javaParser,3.0,3.0,0.0
Contribution:javaParseLib,1.0,1.0,0.0
Software_concept,3.0,3.0,0.0
Halting_problem,1.0,1.0,0.0
Feature:Browsing,1.0,1.0,0.0
Singleton_pattern,3.0,3.0,0.0
Objectware,1.0,1.0,0.0
Perspective:Meta,1.0,1.0,0.0
Feature:Projectional_syntax,2.0,2.0,0.0
Contribution:javaMessaging,1.0,1.0,0.0
MVC,1.0,1.0,0.0
Contribution:javaLexer,1.0,1.0,0.0
Technological_space/create_new_page_confirmation,1.0,1.0,0.0
Contribution:javaInheritance,1.0,1.0,0.0
Language:UML,1.0,1.0,0.0
Interface/create_new_page_confirmation,1.0,1.0,0.0
Contribution:jsf,2.0,2.0,0.0
Internal:FrontPage,1.0,1.0,0.0
Contribution:luaC,1.0,1.0,0.0
Feature:Logging,1.0,1.0,0.0
Parser_generation,1.0,1.0,0.0
Functors_and_friends,1.0,1.0,0.0
Language:FOAF,1.0,1.0,0.0
Contribution:erlang,1.0,1.0,0.0
Contribution:antlr4Objects,1.0,1.0,0.0
Technology:Puma,1.0,1.0,0.0
Contribution:101spark,5.0,5.0,0.0
scripts/Course:Lambdas_in_Koblenz,4.0,4.0,0.0
Concept:Data_requirement,1.0,1.0,0.0
Technology:RubyEventmachine,1.0,1.0,0.0
Concept:Accumulator_parameter,1.0,1.0,0.0
B%C3%B6hm-Jacopini%20theorem/edit,1.0,1.0,0.0
Concept:List,1.0,1.0,0.0
Concept:Local_scope,1.0,1.0,0.0
Concept:Merge_sort,2.0,2.0,0.0
Concept:Modularization,1.0,1.0,0.0
Binary_search,20.0,20.0,0.0
Technology:Spoofax,2.0,2.0,0.0
Contribution:antlr4ParseTreeListener,2.0,2.0,0.0
Concept:Towers_of_Hanoi,1.0,1.0,0.0
Technology:XOM,1.0,1.0,0.0
Concept:Technology,1.0,1.0,0.0
Technology:foobar/create_new_page_confirmation,1.0,1.0,0.0
Towers_of_Hanoi,3.0,3.0,0.0
Technology:java.lang.reflect,2.0,2.0,0.0
Concept:Polymorphic_type,1.0,1.0,0.0
Theme:Starter,2.0,2.0,0.0
Concept:Singly_linked_list,1.0,1.0,0.0
Concept:Single_recursion,2.0,2.0,0.0
Concept:Serialization,1.0,1.0,0.0
Theme:Haskell_data,3.0,3.0,0.0
Concept:Scrap_your_boilerplate,1.0,1.0,0.0
Concept:Recursive_descent_parser,2.0,2.0,0.0
Concept:Abstraction,1.0,1.0,0.0
Technology:XAMPP,1.0,1.0,0.0
Abstract_syntax,1.0,1.0,0.0
Auxiliary_XMLware,1.0,1.0,0.0
Abstract_data_type,15.0,15.0,0.0
Contribution:atlTotalPlugin,1.0,1.0,0.0
Contribution:atlPluginUsage,2.0,2.0,0.0
101simplejava,4.0,4.0,0.0
Concept:Fold_function,2.0,2.0,0.0
Technology:JavaMail,1.0,1.0,0.0
101contributor,1.0,1.0,0.0
Contribution:antlrParser,6.0,6.0,0.0
Technology:Hibernate,2.0,2.0,0.0
Concept:Function,1.0,1.0,0.0
Multiset,4.0,3.0,1.0
Property:childOf,1.0,0.0,1.0
Program%20transformation/create_new_page_confirmation,1.0,0.0,1.0
Multithreading,1.0,0.0,1.0
Name%20binding/create_new_page_confirmation,1.0,0.0,1.0
Program%20analysis/create_new_page_confirmation,1.0,0.0,1.0
Name_binding/create_new_page_confirmation,1.0,0.0,1.0
Namespace,1.0,0.0,1.0
resource/contribution-pythonsyb,1.0,0.0,1.0
Property:defines,1.0,0.0,1.0
Property:defines/create_new_page_confirmation,1.0,0.0,1.0
Namespace:Concept/edit,1.0,0.0,1.0
resource/contribution-haskellwriter,1.0,0.0,1.0
Namespace:Course,2.0,1.0,1.0
resource/contribution-haskellstarter,1.0,0.0,1.0
resource/contribution-haskellStarter,1.0,0.0,1.0
resource/contribution-dom,1.0,0.0,1.0
resource/contribution-sqlitesingle,1.0,0.0,1.0
resource/contributions,1.0,0.0,1.0
new_landing/create_new_page_confirmation,1.0,0.0,1.0
Program_generator,1.0,0.0,1.0
Method_Chaining,1.0,0.0,1.0
Property/create_new_page_confirmation,1.0,0.0,1.0
Model_to_Model_transformation,1.0,0.0,1.0
Model_to_text_transformation,1.0,0.0,1.0
resource/languange,1.0,0.0,1.0
Projectional_Editing/create_new_page_confirmation,1.0,0.0,1.0
Model_transformation,2.0,1.0,1.0
resource/language-sql,1.0,0.0,1.0
Property:addresses,1.0,0.0,1.0
Modeling_language,1.0,0.0,1.0
new_page/create_new_page_confirmation,1.0,0.0,1.0
resource/language-java,1.0,0.0,1.0
new_underlanding/create_new_page_confirmation,1.0,0.0,1.0
resource/language-html,1.0,0.0,1.0
newlanding/create_new_page_confirmation,1.0,0.0,1.0
Namespace:Perspective/create_new_page_confirmation,1.0,0.0,1.0
resource/language-c,1.0,0.0,1.0
resource/java,1.0,0.0,1.0
resource/language-markdown,1.0,0.0,1.0
resource/feature,1.0,0.0,1.0
Namespace:Property/edit,1.0,0.0,1.0
Perspective:build/create_new_page_confirmation,1.0,0.0,1.0
resource//101worker,1.0,0.0,1.0
page_changes/diff/15818/,1.0,0.0,1.0
Perspective:data/create_new_page_confirmation,1.0,0.0,1.0
page_changes/diff/15615/,1.0,0.0,1.0
page_changes/diff/15497/,1.0,0.0,1.0
POJO,1.0,0.0,1.0
page_changes/diff/15484/15497,1.0,0.0,1.0
Palette/create_new_page_confirmation,1.0,0.0,1.0
Parallelism,1.0,0.0,1.0
page_changes/diff/15349/15350,1.0,0.0,1.0
Perspective:data,1.0,0.0,1.0
page_changes/diff/15483/15484,1.0,0.0,1.0
Parser_generator,1.0,0.0,1.0
Perspective:Build,1.0,0.0,1.0
Perspective:Build/create_new_page_confirmation,1.0,0.0,1.0
Perspective:capture/create_new_page_confirmation,1.0,0.0,1.0
Perspective:Implementation/create_new_page_confirmation,1.0,0.0,1.0
page_changes/diff/15482/15483,1.0,0.0,1.0
Perspective:Meta/create_new_page_confirmation,1.0,0.0,1.0
Object_program,1.0,0.0,1.0
Namespace:Property/create_new_page_confirmation,1.0,0.0,1.0
resource/101contributions,1.0,0.0,1.0
resource/101linkeddata,1.0,0.0,1.0
Namespace:Script,1.0,0.0,1.0
Namespace:Section/create_new_page_confirmation,1.0,0.0,1.0
Namespace:System,2.0,1.0,1.0
Namespace:System/create_new_page_confirmation,1.0,0.0,1.0
resource/concept-geolocation,1.0,0.0,1.0
Namespace:Type,2.0,1.0,1.0
Priority_queue/create_new_page_confirmation,1.0,0.0,1.0
Namespace:Type/create_new_page_confirmation,1.0,0.0,1.0
Namespace:contribution/create_new_page_confirmation,1.0,0.0,1.0
Platform,1.0,0.0,1.0
resource/concept,1.0,0.0,1.0
resource/behavior,1.0,0.0,1.0
page_changes/create_new_page_confirmation,1.0,0.0,1.0
Perspective:test/create_new_page_confirmation,1.0,0.0,1.0
Perspective:implementation/create_new_page_confirmation,1.0,0.0,1.0
resource/101repo,2.0,1.0,1.0
OO%20Interface/create_new_page_confirmation,1.0,0.0,1.0
resource/101rails,1.0,0.0,1.0
resource/101module,1.0,0.0,1.0
Object-program_representation/create_new_page_confirmation,1.0,0.0,1.0
resource/namespace,1.0,0.0,1.0
Megamodeling,1.0,0.0,1.0
Metaprogramming/edit,1.0,0.0,1.0
Language:Racket,1.0,0.0,1.0
Language:Racket/create_new_page_confirmation,1.0,0.0,1.0
Language:Rascal,2.0,1.0,1.0
Language:Ruby,1.0,0.0,1.0
Language:SDF3/create_new_page_confirmation,1.0,0.0,1.0
scripts/Linear%20search,1.0,0.0,1.0
Language:SVG,1.0,0.0,1.0
scripts/Imperative%20data%20structure,1.0,0.0,1.0
Language:Sirius%20viewpoint%20specification/create_new_page_confirmation,1.0,0.0,1.0
Language:Sirius_viewpoint_specification,1.0,0.0,1.0
Language:Stratego,1.0,0.0,1.0
Language:Stratego/create_new_page_confirmation,1.0,0.0,1.0
Language:StringTemplate/create_new_page_confirmation,1.0,0.0,1.0
Language:TypeScript/create_new_page_confirmation,1.0,0.0,1.0
Language:TypeScript/edit,1.0,0.0,1.0
scripts/Course:Lambdas_at_UvA,1.0,0.0,1.0
scripts/101repo,1.0,0.0,1.0
scripts/101project,2.0,1.0,1.0
Language:XML/edit,1.0,0.0,1.0
Language:Xtend/create_new_page_confirmation,1.0,0.0,1.0
Language:Xtext%20Grammar/create_new_page_confirmation,1.0,0.0,1.0
scripts/Rose_tree,1.0,0.0,1.0
Language:R/create_new_page_confirmation,1.0,0.0,1.0
scripts/Script:Aspect-oriented_programming,1.0,0.0,1.0
Language:R,1.0,0.0,1.0
Language:FSML/create_new_page_confirmation,1.0,0.0,1.0
undefined/create_new_page_confirmation,1.0,0.0,1.0
testpage/create_new_page_confirmation,1.0,0.0,1.0
test_page/create_new_page_confirmation,1.0,0.0,1.0
test/create_new_page_confirmation,1.0,0.0,1.0
unverified,2.0,1.0,1.0
Language:JML,1.0,0.0,1.0
scripts/Technology:SAX,1.0,0.0,1.0
Language:Java2/create_new_page_confirmation,1.0,0.0,1.0
Language:Lambda_calculus,1.0,0.0,1.0
Language:Xtext/create_new_page_confirmation,1.0,0.0,1.0
Language:Lambda_calculus/create_new_page_confirmation,1.0,0.0,1.0
Language:MPS-Generator_Language/create_new_page_confirmation,1.0,0.0,1.0
Language:MPS-Structure_Language/create_new_page_confirmation,1.0,0.0,1.0
Language:MPS-Test_Language/create_new_page_confirmation,1.0,0.0,1.0
Language:MPS-Type_System_Language/create_new_page_confirmation,1.0,0.0,1.0
Language:MegaL,2.0,1.0,1.0
Language:NABL/create_new_page_confirmation,1.0,0.0,1.0
Language:OCL,1.0,0.0,1.0
scripts/Script:Type-class_polymorphism,1.0,0.0,1.0
Language:OCL/edit,1.0,0.0,1.0
scripts/Script:Functors_and_friends,1.0,0.0,1.0
Language:MPS-Editor%20Language/create_new_page_confirmation,1.0,0.0,1.0
Language:Xtext_Grammar,1.0,0.0,1.0
Language:jinja2/create_new_page_confirmation,1.0,0.0,1.0
scalameta/create_new_page_confirmation,1.0,0.0,1.0
resources/contribution-antlrtrees,1.0,0.0,1.0
Local_scope/edit,1.0,0.0,1.0
resources/concept-feature,1.0,0.0,1.0
resource/zip,1.0,0.0,1.0
Macro/create_new_page_confirmation,1.0,0.0,1.0
resource/wikipage-technology-sqlite,1.0,0.0,1.0
resource/theme-scrap_your_boilerplate,1.0,0.0,1.0
Management_system,1.0,0.0,1.0
resource/technology-sqlite,1.0,0.0,1.0
Manual_memory_management,1.0,0.0,1.0
Local_scope/create_new_page_confirmation,1.0,0.0,1.0
Mapping,1.0,0.0,1.0
resource/skel,1.0,0.0,1.0
Megamodel,2.0,1.0,1.0
Property:developedBy/create_new_page_confirmation,1.0,0.0,1.0
resource/resource_loc,2.0,1.0,1.0
resource/resource_lang,1.0,0.0,1.0
resource/resource,1.0,0.0,1.0
resource/programming_language,1.0,0.0,1.0
Meta-modelling/create_new_page_confirmation,1.0,0.0,1.0
Metadata/edit,1.0,0.0,1.0
Metaprogramming%20system/edit,1.0,0.0,1.0
resource/technology-dom,1.0,0.0,1.0
Metaprogramming_system,1.0,0.0,1.0
resources/contribution-hibernate,1.0,0.0,1.0
Listener,1.0,0.0,1.0
resources/wikipage-contribution-pyvisitors,1.0,0.0,1.0
Language_Embedding/create_new_page_confirmation,1.0,0.0,1.0
resources/technology-jpa,1.0,0.0,1.0
Language_Extension,1.0,0.0,1.0
Language_Extension/create_new_page_confirmation,1.0,0.0,1.0
resources/query_language,1.0,0.0,1.0
resources/language-xquery,1.0,0.0,1.0
resources/language-sql,1.0,0.0,1.0
resources/language-python,1.0,0.0,1.0
resources/language-megal,1.0,0.0,1.0
resources/contribution-html5indexeddatabase,1.0,0.0,1.0
Lexical_Token,1.0,0.0,1.0
resources/language-hql,1.0,0.0,1.0
resources/language-haskell,1.0,0.0,1.0
resources/language-atl,1.0,0.0,1.0
Lexical_syntax,1.0,0.0,1.0
Lexical_syntax/create_new_page_confirmation,1.0,0.0,1.0
Lifting/create_new_page_confirmation,1.0,0.0,1.0
resources/language-101meta,1.0,0.0,1.0
Linked_list,1.0,0.0,1.0
resources/contribution-pyvisitors,1.0,0.0,1.0
List_processing,1.0,0.0,1.0
resources/language-java,1.0,0.0,1.0
Property:documentedBy,1.0,0.0,1.0
Property:isA/create_new_page_confirmation,1.0,0.0,1.0
Property:documentedBy/edit,1.0,0.0,1.0
Technology:Sirius/create_new_page_confirmation,1.0,0.0,1.0
Technology:Silverlight,1.0,0.0,1.0
Technology:Seaside,1.0,0.0,1.0
Technology:ScalaTest/create_new_page_confirmation,1.0,0.0,1.0
System:FSML/create_new_page_confirmation,1.0,0.0,1.0
Technology:Scala/create_new_page_confirmation,1.0,0.0,1.0
Tableware/create_new_page_confirmation,1.0,0.0,1.0
Tag:Synonym,1.0,0.0,1.0
Task_parallelism,1.0,0.0,1.0
Technology:SYB/create_new_page_confirmation,1.0,0.0,1.0
Technology:SWT/create_new_page_confirmation,1.0,0.0,1.0
Technology,1.0,0.0,1.0
Technology:/create_new_page_confirmation,1.0,0.0,1.0
Technology:101explorer,2.0,1.0,1.0
Technology:SQLite,1.0,0.0,1.0
Technology:ANTLR3/create_new_page_confirmation,1.0,0.0,1.0
Technology:ATL/create_new_page_confirmation,1.0,0.0,1.0
Technology:SLF4J,1.0,0.0,1.0
Technology:AWT,1.0,0.0,1.0
Technology:Acceleo/create_new_page_confirmation,1.0,0.0,1.0
Technology:RubyEventmachine/create_new_page_confirmation,1.0,0.0,1.0
Syntax_tree,1.0,0.0,1.0
Technology:Android_Development_Tool,1.0,0.0,1.0
Technology:Specs/create_new_page_confirmation,1.0,0.0,1.0
Technology:Spoofax/create_new_page_confirmation,1.0,0.0,1.0
Technology:javac/edit,1.0,0.0,1.0
Static%20Annotation/create_new_page_confirmation,1.0,0.0,1.0
Static_annotation/create_new_page_confirmation,1.0,0.0,1.0
Technology:java.io,1.0,0.0,1.0
Technology:jQuery,1.0,0.0,1.0
Streaming,1.0,0.0,1.0
Technology:foobar,1.0,0.0,1.0
Technology:basename,1.0,0.0,1.0
Struct/create_new_page_confirmation,1.0,0.0,1.0
Structured%20Editor/create_new_page_confirmation,1.0,0.0,1.0
Technology:Zend_framework,1.0,0.0,1.0
Subtype,1.0,0.0,1.0
Technology:Windows,1.0,0.0,1.0
Technology:WEBrick,1.0,0.0,1.0
Technology:Velocity,1.0,0.0,1.0
Technology:TypeScript/create_new_page_confirmation,1.0,0.0,1.0
Technology:Tidy,1.0,0.0,1.0
Technology:TemplateHaskell/create_new_page_confirmation,1.0,0.0,1.0
Subtype_polymorphism,1.0,0.0,1.0
Technology:TemplateHaskell,2.0,1.0,1.0
Technology:Struts,1.0,0.0,1.0
Syntax%20definiton/create_new_page_confirmation,1.0,0.0,1.0
Technology:Apache_HTTP_Server,1.0,0.0,1.0
Technology:Apache_XML,1.0,0.0,1.0
Technology:ReactNative/edit,1.0,0.0,1.0
Technology:MPS/create_new_page_confirmation,1.0,0.0,1.0
Technology:Javassist,1.0,0.0,1.0
Technology:Java_platform,2.0,1.0,1.0
Technology:Django/edit,1.0,0.0,1.0
Technology:Document-oriented_database,1.0,0.0,1.0
Technology:EMF,4.0,3.0,1.0
Technology:Java_misc,1.0,0.0,1.0
Technology:EMF/edit,1.0,0.0,1.0
Technology:Eclipse,10.0,9.0,1.0
Technology:Ecore,1.0,0.0,1.0
Technology:Email,1.0,0.0,1.0
Technology:GMF/create_new_page_confirmation,1.0,0.0,1.0
Language:FOAF/create_new_page_confirmation,1.0,0.0,1.0
Technology:GNU_make,1.0,0.0,1.0
Technology:JSF,1.0,0.0,1.0
Technology:JPA/edit,1.0,0.0,1.0
Technology:JNDI,1.0,0.0,1.0
Technology:JMF,2.0,1.0,1.0
Technology:JFace/create_new_page_confirmation,1.0,0.0,1.0
Technology:HackageDB,3.0,2.0,1.0
Technology:JDK,1.0,0.0,1.0
Technology:Dancer,1.0,0.0,1.0
Technology:Moops,1.0,0.0,1.0
Technology:NUnit,2.0,1.0,1.0
Technology:DPH,1.0,0.0,1.0
Technology:ReactNative/create_new_page_confirmation,1.0,0.0,1.0
Technology:ReactJS/create_new_page_confirmation,1.0,0.0,1.0
Technology:React/create_new_page_confirmation,1.0,0.0,1.0
Technology:ArgoUML,1.0,0.0,1.0
Technology:Rascal/create_new_page_confirmation,1.0,0.0,1.0
Technology:Rascal.vis/create_new_page_confirmation,1.0,0.0,1.0
Technology:Racket,1.0,0.0,1.0
Technology:Quickchecl/create_new_page_confirmation,1.0,0.0,1.0
Technology:Quickcheck/create_new_page_confirmation,1.0,0.0,1.0
Technology:Avalon,1.0,0.0,1.0
Technology:jaxbChoice/create_new_page_confirmation,1.0,0.0,1.0
Technology:Phusion%20Passenger/edit,1.0,0.0,1.0
Technology:Nix,1.0,0.0,1.0
Technology:Boost/create_new_page_confirmation,1.0,0.0,1.0
Technology:CGI/edit,1.0,0.0,1.0
Technology:CMake/edit,1.0,0.0,1.0
Technology:CUP,1.0,0.0,1.0
Technology:CouchDB,1.0,0.0,1.0
Technology:CouchDB/create_new_page_confirmation,1.0,0.0,1.0
Technology:CounterClockwise/create_new_page_confirmation,1.0,0.0,1.0
Technology:NativeScript/edit,1.0,0.0,1.0
Technology:NativeScript/create_new_page_confirmation,1.0,0.0,1.0
Technology:OpenOfficeCalc/create_new_page_confirmation,1.0,0.0,1.0
Technology:prologSyb/create_new_page_confirmation,1.0,0.0,1.0
Technology:sbt/create_new_page_confirmation,1.0,0.0,1.0
Technology:scalameta/create_new_page_confirmation,1.0,0.0,1.0
admin/users/147/edit,1.0,0.0,1.0
admin/users/146/edit,1.0,0.0,1.0
Xtext_Grammar/create_new_page_confirmation,1.0,0.0,1.0
Quote,1.0,0.0,1.0
Recursion_removal,4.0,3.0,1.0
Reduction,1.0,0.0,1.0
Reduction/create_new_page_confirmation,1.0,0.0,1.0
Reference/create_new_page_confirmation,1.0,0.0,1.0
Reference_equality,1.0,0.0,1.0
Reflection,1.0,0.0,1.0
Web_publishing,1.0,0.0,1.0
Web_browser,1.0,0.0,1.0
Vocabulary:MDE,1.0,0.0,1.0
Reverse_Polish_notation,2.0,1.0,1.0
Visual_syntax,1.0,0.0,1.0
Visitor/create_new_page_confirmation,1.0,0.0,1.0
SOAP,1.0,0.0,1.0
SWT/create_new_page_confirmation,1.0,0.0,1.0
Viewpoint/create_new_page_confirmation,1.0,0.0,1.0
SYB,2.0,1.0,1.0
Scala/create_new_page_confirmation,1.0,0.0,1.0
Quasi-Quotation/create_new_page_confirmation,1.0,0.0,1.0
admin/users/195/edit,1.0,0.0,1.0
admin/users/196/edit,1.0,0.0,1.0
admin/users/197/edit,1.0,0.0,1.0
local_scope/create_new_page_confirmation,1.0,0.0,1.0
Property:facilitates/edit,1.0,0.0,1.0
Property:hasOptional/edit,1.0,0.0,1.0
Property:hasRange,1.0,0.0,1.0
Property:hasSection,1.0,0.0,1.0
Property:hasSection/create_new_page_confirmation,1.0,0.0,1.0
foobar/create_new_page_confirmation,1.0,0.0,1.0
example/create_new_page_confirmation,1.0,0.0,1.0
Property:identifies,1.0,0.0,1.0
Property:identifies/create_new_page_confirmation,1.0,0.0,1.0
Unlifting/create_new_page_confirmation,1.0,0.0,1.0
"Property:implements,/create_new_page_confirmation",1.0,0.0,1.0
Property:instanceOf/create_new_page_confirmation,1.0,0.0,1.0
Property:isa/create_new_page_confirmation,1.0,0.0,1.0
Property:managedBy/create_new_page_confirmation,1.0,0.0,1.0
Property:memberOf/create_new_page_confirmation,1.0,0.0,1.0
Property:partOf,1.0,0.0,1.0
Property:partOf/create_new_page_confirmation,1.0,0.0,1.0
Property:requires,1.0,0.0,1.0
Property:subsetOf,2.0,1.0,1.0
Property:versionOf,1.0,0.0,1.0
Property:versionOf/edit,1.0,0.0,1.0
Property:implements/edit,1.0,0.0,1.0
Property:documentedBy/create_new_page_confirmation,1.0,0.0,1.0
Script:Aspect-oriented_programming,2.0,1.0,1.0
Script:Higher-order%20functions%20in%20Haskell/edit,1.0,0.0,1.0
Transformation_Rule/create_new_page_confirmation,1.0,0.0,1.0
Section:Quote,1.0,0.0,1.0
Token/create_new_page_confirmation,1.0,0.0,1.0
Section:Quote/create_new_page_confirmation,1.0,0.0,1.0
Token,1.0,0.0,1.0
Semantic%20action/create_new_page_confirmation,1.0,0.0,1.0
Theme:Scrap_your_boilerplate,2.0,1.0,1.0
Semantic_action,1.0,0.0,1.0
Theme:MDE,1.0,0.0,1.0
Semantic_annotation/create_new_page_confirmation,1.0,0.0,1.0
Textual_syntax/create_new_page_confirmation,1.0,0.0,1.0
Serialization,1.0,0.0,1.0
Textual_syntax,1.0,0.0,1.0
Template_processing/create_new_page_confirmation,1.0,0.0,1.0
Setter,1.0,0.0,1.0
Template_processing,1.0,0.0,1.0
Software%20transformation/create_new_page_confirmation,1.0,0.0,1.0
Template_language/create_new_page_confirmation,1.0,0.0,1.0
Template_language,1.0,0.0,1.0
Template%20processing/create_new_page_confirmation,1.0,0.0,1.0
Technology:syb/create_new_page_confirmation,1.0,0.0,1.0
Transformation_language,1.0,0.0,1.0
Tree,1.0,0.0,1.0
Tree%20Walker/edit,1.0,0.0,1.0
Section:Quot/create_new_page_confirmation,1.0,0.0,1.0
Type_signature,4.0,3.0,1.0
Type:Type,1.0,0.0,1.0
Script:The_Expression_Problem,1.0,0.0,1.0
Type:Technologies/create_new_page_confirmation,1.0,0.0,1.0
Type:String,1.0,0.0,1.0
Type:Function/create_new_page_confirmation,1.0,0.0,1.0
Section/create_new_page_confirmation,1.0,0.0,1.0
Section:Description/create_new_page_confirmation,1.0,0.0,1.0
Section:Details,1.0,0.0,1.0
Section:Details/create_new_page_confirmation,1.0,0.0,1.0
URI/create_new_page_confirmation,1.0,0.0,1.0
Type:Function,1.0,0.0,1.0
Section:Headline/edit,1.0,0.0,1.0
Type:Artifact,1.0,0.0,1.0
Type:Any,1.0,0.0,1.0
Section:Illustration,1.0,0.0,1.0
Section:Metadata/edit,1.0,0.0,1.0
Tuple,1.0,0.0,1.0
Tree_Walker/create_new_page_confirmation,1.0,0.0,1.0
Tree_Walker,1.0,0.0,1.0
Section:Motivation,1.0,0.0,1.0
Tree-based_abstract_syntax/create_new_page_confirmation,1.0,0.0,1.0
Type:Contribution,1.0,0.0,1.0
101:@contributor,1.0,0.0,1.0
wiki%2F101project/create_new_page_confirmation,1.0,0.0,1.0
Language:Ecore%20XMI/create_new_page_confirmation,1.0,0.0,1.0
Eclipse/create_new_page_confirmation,1.0,0.0,1.0
Concept:Grammarware,1.0,0.0,1.0
Endogenous_model_transformation,1.0,0.0,1.0
Concept:Goto,1.0,0.0,1.0
Extensible_Programming,1.0,0.0,1.0
Concept:Functors_and_friends,1.0,0.0,1.0
Concept:Functional_requirement,1.0,0.0,1.0
Factory/create_new_page_confirmation,1.0,0.0,1.0
Feature%20model/create_new_page_confirmation,1.0,0.0,1.0
Concept:Heap,1.0,0.0,1.0
Feature:ASG,1.0,0.0,1.0
Concept:Functional_data_structures,1.0,0.0,1.0
Feature:AST,1.0,0.0,1.0
Feature:AST+/create_new_page_confirmation,1.0,0.0,1.0
Concept:Functional_data_structure,3.0,2.0,1.0
Feature:AST/create_new_page_confirmation,1.0,0.0,1.0
Concept:Functional_constructor,1.0,0.0,1.0
Concept:Function_definition,1.0,0.0,1.0
Concept:Function_composition,1.0,0.0,1.0
Feature:Abstract%20syntax/create_new_page_confirmation,1.0,0.0,1.0
Feature:ASG/create_new_page_confirmation,1.0,0.0,1.0
Concept:Higher-order_function,1.0,0.0,1.0
Concept:Higher-order_functions_in_Haskell,1.0,0.0,1.0
Dotnet:System.Xml,1.0,0.0,1.0
Contributor:rlaemmel,1.0,0.0,1.0
Course:Lambdas_at_Uva/create_new_page_confirmation,1.0,0.0,1.0
Concept:Metamodeling,1.0,0.0,1.0
Cut,1.0,0.0,1.0
Cut/edit,1.0,0.0,1.0
Concept:Maybe_monad,2.0,1.0,1.0
Design_patterns,1.0,0.0,1.0
Concept:List_type,1.0,0.0,1.0
Document-oriented_database,1.0,0.0,1.0
Concept:List_comprehension,2.0,1.0,1.0
Document:Design%20patterns/edit,1.0,0.0,1.0
Document:Design_patterns,1.0,0.0,1.0
Document:Haskell's_overlooked_object_system,1.0,0.0,1.0
Document:JLS,1.0,0.0,1.0
Document:LaemmelO06,1.0,0.0,1.0
Document:Okasaki96,2.0,1.0,1.0
Concept:Interpreter,1.0,0.0,1.0
Concept:Information_hiding,4.0,3.0,1.0
Concept:Indexing,1.0,0.0,1.0
Concept:In-memory_XML_processing,1.0,0.0,1.0
Documentation_generator,3.0,2.0,1.0
Feature:Abstract_syntax,1.0,0.0,1.0
Concept:Function_application,1.0,0.0,1.0
Concept:Fmap_function,1.0,0.0,1.0
Feature:Analysis,1.0,0.0,1.0
Feature:Graphical_syntax,1.0,0.0,1.0
Feature:Graphical_syntax/create_new_page_confirmation,1.0,0.0,1.0
Feature:Grouping,1.0,0.0,1.0
Feature:Hierarchical_company/create_new_page_confirmation,1.0,0.0,1.0
Feature:Interpretation/create_new_page_confirmation,1.0,0.0,1.0
Feature:Interpretation/edit,1.0,0.0,1.0
Feature:Interpretation2/create_new_page_confirmation,1.0,0.0,1.0
Feature:Job_role,1.0,0.0,1.0
Feature:Language%20implementation/create_new_page_confirmation,1.0,0.0,1.0
Concept:Compiler,1.0,0.0,1.0
Feature:Language_implementation,1.0,0.0,1.0
Feature:Logging/edit,1.0,0.0,1.0
Feature:Mapping,1.0,0.0,1.0
Feature:Model,1.0,0.0,1.0
Feature:Model%20projection/create_new_page_confirmation,1.0,0.0,1.0
Feature:Parsing/edit,1.0,0.0,1.0
Concept:Bounded_polymorphism,1.0,0.0,1.0
Concept:Application_domain,1.0,0.0,1.0
Feature:Piggyback/create_new_page_confirmation,1.0,0.0,1.0
Feature:Piggyback2/create_new_page_confirmation,1.0,0.0,1.0
Concept:Anonymous_function,1.0,0.0,1.0
Feature:Graphical_Syntax,1.0,0.0,1.0
Contributor:mmonschau,1.0,0.0,1.0
Feature:Graphical%20Syntax/edit,1.0,0.0,1.0
Feature:Graph_editing,1.0,0.0,1.0
Feature:Analysis/create_new_page_confirmation,1.0,0.0,1.0
Feature:Closed%20serialization/edit,1.0,0.0,1.0
Concept:Fluent_API,2.0,1.0,1.0
Concept:Filter_function,1.0,0.0,1.0
Feature:Compilation,1.0,0.0,1.0
Concept:Equality,1.0,0.0,1.0
Feature:Compilation/create_new_page_confirmation,1.0,0.0,1.0
Feature:Concrete_Syntax,1.0,0.0,1.0
Concept:Either_type,3.0,2.0,1.0
Concept:Doubly_linked_list,1.0,0.0,1.0
Feature:Conversion,2.0,1.0,1.0
Concept:DistributedComputing,1.0,0.0,1.0
Concept:Development-time_quality,1.0,0.0,1.0
Feature:Data%20parallelism/edit,1.0,0.0,1.0
Feature:Data_parallelism,1.0,0.0,1.0
Feature:Dynamic%20semantics/create_new_page_confirmation,1.0,0.0,1.0
Feature:Dynamic_semantics,1.0,0.0,1.0
Feature:Flat%20company/edit,1.0,0.0,1.0
Feature:Graph%20editing/create_new_page_confirmation,1.0,0.0,1.0
Feature:Graph%20editing/edit,1.0,0.0,1.0
Feature:Graph%20rendering/create_new_page_confirmation,1.0,0.0,1.0
Feature:Graph_rendering,1.0,0.0,1.0
Concept:Android_Resource,1.0,0.0,1.0
Contributor:mastermaiknemo,1.0,0.0,1.0
Contributor:kevin-klein,1.0,0.0,1.0
Concept:Type_constructor,3.0,2.0,1.0
Contribution:dancer,3.0,2.0,1.0
Concept:Type_constraint,1.0,0.0,1.0
Contribution:dph,1.0,0.0,1.0
Contribution:ef,1.0,0.0,1.0
Contribution:emfReflexive,1.0,0.0,1.0
Concept:Type-class_polymorphism,1.0,0.0,1.0
Contribution:fsdf,1.0,0.0,1.0
Contribution:fsdfs,1.0,0.0,1.0
Contribution:coq,1.0,0.0,1.0
Concept:Type,1.0,0.0,1.0
Concept:Total_order,1.0,0.0,1.0
Concept:Testing_framework,2.0,1.0,1.0
Concept:Template_processing,1.0,0.0,1.0
Concept:Template_metaprogramming,1.0,0.0,1.0
Concept:Syntax_tree,1.0,0.0,1.0
Concept:Syntactic_sugar,1.0,0.0,1.0
Concept:Syntactic_category,1.0,0.0,1.0
Concept:Subtyping,1.0,0.0,1.0
Concept:Software_technology,1.0,0.0,1.0
Concept:Tuple_type,2.0,1.0,1.0
Contribution:clojureRefs,1.0,0.0,1.0
Concept:Type_generalization,2.0,1.0,1.0
Contribution:c,3.0,2.0,1.0
Concrete_syntax_definition/create_new_page_confirmation,1.0,0.0,1.0
Concrete_syntax_tree,1.0,0.0,1.0
Const-correctness,1.0,0.0,1.0
Context-free_syntax,1.0,0.0,1.0
Concept:Variant_type,1.0,0.0,1.0
Contribution,1.0,0.0,1.0
Contribution:101hadoop/create_new_page_confirmation,1.0,0.0,1.0
Concept:Unparsing_and_parsing_in_Haskell,2.0,1.0,1.0
Contribution:PrimeFaces,2.0,1.0,1.0
Contribution:Topic_analysis,1.0,0.0,1.0
Contribution:UIQt,1.0,0.0,1.0
Contribution:akkaActor,2.0,1.0,1.0
Contribution:antlr4Lexer,1.0,0.0,1.0
Contribution:antlr4Parser,2.0,1.0,1.0
Contribution:antlrLexer,2.0,1.0,1.0
Contribution:antlrObjects,1.0,0.0,1.0
Concept:UI_requirement,1.0,0.0,1.0
Contribution:antlrTrees,2.0,1.0,1.0
Contribution:basicLb,1.0,0.0,1.0
Contribution:bottle,1.0,0.0,1.0
Contribution:bottle2,1.0,0.0,1.0
Concept:Software_system,1.0,0.0,1.0
Contribution:haskellTree/edit,1.0,0.0,1.0
Contribution:hibernate/edit,1.0,0.0,1.0
Contribution:html5ajax,1.0,0.0,1.0
Contribution:moose,1.0,0.0,1.0
Concept:Parallelism,1.0,0.0,1.0
Contribution:perl,1.0,0.0,1.0
Contribution:rubyonrails,1.0,0.0,1.0
Contribution:simpleAndroid,1.0,0.0,1.0
Contribution:simplejdbc/create_new_page_confirmation,1.0,0.0,1.0
Concept:POJO,1.0,0.0,1.0
Concept:Open_serialization,1.0,0.0,1.0
Contribution:sqlServer,1.0,0.0,1.0
Contribution:tabaluga,1.0,0.0,1.0
Concept:Namespace,1.0,0.0,1.0
Contribution:xquery,1.0,0.0,1.0
Contributions/create_new_page_confirmation,1.0,0.0,1.0
Concept:Multi-paradigm_programming_language,1.0,0.0,1.0
Contributor:DerDackel,1.0,0.0,1.0
Contributor:DmiN05,1.0,0.0,1.0
Concept:Module,1.0,0.0,1.0
Contributor:Hakan%20Aksu/create_new_page_confirmation,1.0,0.0,1.0
Contributor:Nils%20Breest/edit,1.0,0.0,1.0
Contributor:grammarware,1.0,0.0,1.0
Concept:Modeling_language,1.0,0.0,1.0
Contribution:jsTree,1.0,0.0,1.0
Contributor:martinleinberger,1.0,0.0,1.0
Contribution:jrubyfx,1.0,0.0,1.0
Contribution:jpa/create_new_page_confirmation,1.0,0.0,1.0
Concept:Software_artifact,1.0,0.0,1.0
Contribution:javaComposition,4.0,3.0,1.0
Concept:Skew_heap,3.0,2.0,1.0
Concept:Search_problem,4.0,3.0,1.0
Concept:SYB,1.0,0.0,1.0
Concept:Run-time_quality,1.0,0.0,1.0
Concept:Resource,1.0,0.0,1.0
Concept:Requirement,1.0,0.0,1.0
Contribution:javaMessagingSubscription,1.0,0.0,1.0
Contribution:javaObserver,1.0,0.0,1.0
Contribution:javaStringTemplate,1.0,0.0,1.0
Contribution:jaxb/create_new_page_confirmation,1.0,0.0,1.0
Concept:QT,1.0,0.0,1.0
Concept:Programming_language,1.0,0.0,1.0
Concept:Program,1.0,0.0,1.0
Contribution:jdomHttp,1.0,0.0,1.0
Language:Ecore_XMI,1.0,0.0,1.0
Contribution:jgralab,1.0,0.0,1.0
Concept:Partial_application,1.0,0.0,1.0
Contribution:jmsPointToPoint/create_new_page_confirmation,1.0,0.0,1.0
Concept:Parser_generation,1.0,0.0,1.0
Contribution:jpa/edit,1.0,0.0,1.0
Feature:Projectional%20Syntax/create_new_page_confirmation,1.0,0.0,1.0
Feature:Concrete_syntax/create_new_page_confirmation,1.0,0.0,1.0
Assertion,1.0,0.0,1.0
Batch_file,1.0,0.0,1.0
Batch_Sequential,1.0,0.0,1.0
Batch/create_new_page_confirmation,1.0,0.0,1.0
Generated%20code/create_new_page_confirmation,1.0,0.0,1.0
Generated_code/create_new_page_confirmation,1.0,0.0,1.0
Generic_function,1.0,0.0,1.0
Batch,1.0,0.0,1.0
Goto_elimination/create_new_page_confirmation,1.0,0.0,1.0
Basic_data_modeling_in_Haskell,3.0,2.0,1.0
Architectural_pattern,1.0,0.0,1.0
Grammar_transformation,1.0,0.0,1.0
Graph-based_abstract_syntax,1.0,0.0,1.0
Graph-based_abstract_syntax/create_new_page_confirmation,1.0,0.0,1.0
Annotation_language/create_new_page_confirmation,1.0,0.0,1.0
Haskell_introduction,1.0,0.0,1.0
Annotation_language,1.0,0.0,1.0
Annotation,2.0,1.0,1.0
Android_Menu,1.0,0.0,1.0
Anamorphism,1.0,0.0,1.0
Bind_function,1.0,0.0,1.0
Functional_constructor/create_new_page_confirmation,1.0,0.0,1.0
Functional%20programming%20language/edit,1.0,0.0,1.0
Functional%20constructor/edit,1.0,0.0,1.0
Concept:101contributor,1.0,0.0,1.0
Feature:Text_projection,2.0,1.0,1.0
Feature:Textual_syntax,1.0,0.0,1.0
Feature:Textual_syntax/create_new_page_confirmation,1.0,0.0,1.0
Feature:Translation_semantics,1.0,0.0,1.0
Feature:Translation_semantics/create_new_page_confirmation,1.0,0.0,1.0
Feature:Undo-redo,1.0,0.0,1.0
Code_generation,5.0,4.0,1.0
Class_inheritance,1.0,0.0,1.0
IO_system,1.0,0.0,1.0
Feature_model/create_new_page_confirmation,1.0,0.0,1.0
Fluent%20API/create_new_page_confirmation,1.0,0.0,1.0
Fluent_API,1.0,0.0,1.0
Fmap_function,1.0,0.0,1.0
Catamorphism,1.0,0.0,1.0
Case_Class/create_new_page_confirmation,1.0,0.0,1.0
Capability,1.0,0.0,1.0
Build_manegement/create_new_page_confirmation,1.0,0.0,1.0
Build_management,1.0,0.0,1.0
Boilerplate_code,1.0,0.0,1.0
Fibonacci_number,1.0,0.0,1.0
Feature:Text-to-model,1.0,0.0,1.0
Imperative_data_structure,2.0,1.0,1.0
Implicit%20Conversion/create_new_page_confirmation,1.0,0.0,1.0
Language,1.0,0.0,1.0
Language:101meta,1.0,0.0,1.0
Language:AIRD,2.0,1.0,1.0
Language:AIRD/create_new_page_confirmation,1.0,0.0,1.0
API,1.0,0.0,1.0
6598/create_new_page_confirmation,1.0,0.0,1.0
Language:ANTLR3,1.0,0.0,1.0
101technology,1.0,0.0,1.0
Language:ANTLR4/create_new_page_confirmation,1.0,0.0,1.0
Language:BSON,1.0,0.0,1.0
101explorer,3.0,2.0,1.0
Language:CPlusPlus,2.0,1.0,1.0
101companies:Web_server,1.0,0.0,1.0
Language:DCG,1.0,0.0,1.0
Language:DCG/create_new_page_confirmation,1.0,0.0,1.0
101companies:License/create_new_page_confirmation,1.0,0.0,1.0
101companies/create_new_page_confirmation,1.0,0.0,1.0
Language:DOT/create_new_page_confirmation,1.0,0.0,1.0
101:@worker,1.0,0.0,1.0
Lambda_calculus,1.0,0.0,1.0
AST,1.0,0.0,1.0
AST-/create_new_page_confirmation,1.0,0.0,1.0
Java:java.lang.annotation,1.0,0.0,1.0
Implicit%20conversion/create_new_page_confirmation,1.0,0.0,1.0
Implicit_Conversion,1.0,0.0,1.0
Algorithm,4.0,3.0,1.0
Algebraic_signature,1.0,0.0,1.0
Algebraic%20signature/edit,1.0,0.0,1.0
Algebraic%20signature/create_new_page_confirmation,1.0,0.0,1.0
Ad-hoc_polymorphism,1.0,0.0,1.0
Information:License,1.0,0.0,1.0
Ad-hoc%20polymorphism/edit,1.0,0.0,1.0
Imperative_programming,1.0,0.0,1.0
Information:Translate,2.0,1.0,1.0
Abstract_syntax_tree,1.0,0.0,1.0
Inline%20Macro/create_new_page_confirmation,1.0,0.0,1.0
Abstract_factory_pattern,7.0,6.0,1.0
Abstract_Syntax/create_new_page_confirmation,1.0,0.0,1.0
Internal:Courses,1.0,0.0,1.0
Internal:FrontPage/edit,1.0,0.0,1.0
Interpolation/create_new_page_confirmation,1.0,0.0,1.0
Interpret%5EO/create_new_page_confirmation,1.0,0.0,1.0
Interpreter,1.0,0.0,1.0
Abstraction_mechanism,1.0,0.0,1.0
Concept:101repo,1.0,0.0,1.0
Concrete_syntax_definition,1.0,0.0,1.0
Feature:Resolution,1.0,0.0,1.0
Feature:Reporting,1.0,0.0,1.0
Concept:Alternative_feature,1.0,0.0,1.0
Feature:Serialization/edit,1.0,0.0,1.0
Feature:Replacement,1.0,0.0,1.0
Feature:Semantic%20domain/create_new_page_confirmation,1.0,0.0,1.0
Feature:Scanning/edit,1.0,0.0,1.0
Feature:Staging/create_new_page_confirmation,1.0,0.0,1.0
Concept:Active_record,1.0,0.0,1.0
Feature:Static_semantic,1.0,0.0,1.0
Feature:Text%20projection/create_new_page_confirmation,1.0,0.0,1.0
Feature:Syntax/create_new_page_confirmation,1.0,0.0,1.0
Feature:Scanning/create_new_page_confirmation,1.0,0.0,1.0
Feature:Replacement/create_new_page_confirmation,1.0,0.0,1.0
Feature:Static_semantics,1.0,0.0,1.0
Feature:Syntax,1.0,0.0,1.0
Feature:Scanning,1.0,0.0,1.0
Feature:Static_semantics/create_new_page_confirmation,1.0,0.0,1.0
Feature:Semantics/edit,1.0,0.0,1.0
Feature:Resolution/create_new_page_confirmation,1.0,0.0,1.0
Feature:Text-to-ASG,1.0,0.0,1.0
Feature:Projectional_syntax/create_new_page_confirmation,1.0,0.0,1.0
Feature:Text-to-ASG/create_new_page_confirmation,1.0,0.0,1.0
Concept:Algorithm,1.0,0.0,1.0
Feature:Semantics/create_new_page_confirmation,1.0,0.0,1.0
Feature:Text-to-AST/create_new_page_confirmation,1.0,0.0,1.0
Feature:Text-to-AST,1.0,0.0,1.0
Feature:Semantic_domain,1.0,0.0,1.0
Concept:Algebraic_data_type,3.0,2.0,1.0
Feature:Text-to-CST/create_new_page_confirmation,1.0,0.0,1.0
Feature:Text-to-CST,1.0,0.0,1.0
Feature:Semantics,1.0,0.0,1.0
Contribution:javaComposite,2.0,0.0,2.0
Technology:xsd.exe,2.0,0.0,2.0
Perspective:implementation,2.0,0.0,2.0
Programming_language,2.0,0.0,2.0
Technology:.NET,4.0,2.0,2.0
Technology:Django,3.0,1.0,2.0
Technology:Scala,2.0,0.0,2.0
Concept:Software_engineering,2.0,0.0,2.0
Object-program_representation,2.0,0.0,2.0
Technology:Qt,2.0,0.0,2.0
Technology:Rascal.vis,2.0,0.0,2.0
Interpolation,2.0,0.0,2.0
Contribution:ForkBomb,2.0,0.0,2.0
some_new_page/create_new_page_confirmation,2.0,0.0,2.0
Technology:jinja2,3.0,1.0,2.0
resource/101wiki,2.0,0.0,2.0
Non-functional_requirement,4.0,2.0,2.0
Language:XSLT,2.0,0.0,2.0
Technology:ANTLR,10.0,8.0,2.0
Language:XSD,2.0,0.0,2.0
Contribution:jdbc2,3.0,1.0,2.0
Concept:Programming_paradigm,2.0,0.0,2.0
Theme:Haskell_potpourri,2.0,0.0,2.0
Technology:R/create_new_page_confirmation,2.0,0.0,2.0
Concept:Data_constructor,2.0,0.0,2.0
Concept:Record_type,2.0,0.0,2.0
Concept:Currying,2.0,0.0,2.0
Primitive_recursion/create_new_page_confirmation,2.0,0.0,2.0
Contribution:haskellMonoid/,3.0,1.0,2.0
resource/genlinkeddata,2.0,0.0,2.0
OO_programming,4.0,2.0,2.0
Technology:CGI,2.0,0.0,2.0
Contribution:101kafka/,2.0,0.0,2.0
Language:Xtext,2.0,0.0,2.0
Language:StringTemplate,2.0,0.0,2.0
Technology:Acceleo,2.0,0.0,2.0
Perspective:test,2.0,0.0,2.0
Technology:Rascal,2.0,0.0,2.0
Technology:GitHub,2.0,0.0,2.0
Language:SDF3,2.0,0.0,2.0
Language:NABL,2.0,0.0,2.0
Feature:Persistence,2.0,0.0,2.0
Language:Markdown,2.0,0.0,2.0
Feature:Piggyback,2.0,0.0,2.0
Persistence,4.0,2.0,2.0
Concept:Build_tool,2.0,0.0,2.0
Technology:JSON_Schema,5.0,3.0,2.0
101license/create_new_page_confirmation,2.0,0.0,2.0
Language:MPS-Structure_Language,2.0,0.0,2.0
Concept:Bidirectional_transformation,2.0,0.0,2.0
Contribution:antlr4Acceptor,2.0,0.0,2.0
Language:MPS-Generator_Language,2.0,0.0,2.0
Concept:Type_system,2.0,0.0,2.0
Contribution:atl,2.0,0.0,2.0
Contribution:aspectJ,2.0,0.0,2.0
Technology:MPS,3.0,1.0,2.0
Contribution:aquarium,2.0,0.0,2.0
Language:MPS-Editor_Language,2.0,0.0,2.0
Technology:Sirius,2.0,0.0,2.0
Language:ATL,4.0,2.0,2.0
Language:MPS-Base_Language,2.0,0.0,2.0
Technology:Sinatra,2.0,0.0,2.0
Language:MPS-Base%20Language/create_new_page_confirmation,2.0,0.0,2.0
Technology:NativeScript,2.0,0.0,2.0
Concept:Uncurrying,2.0,0.0,2.0
Language:JavaScript,3.0,1.0,2.0
Technology:javac,2.0,0.0,2.0
Concept:Type_checking,3.0,1.0,2.0
Perspective:Implementation,2.0,0.0,2.0
Technology:GMF,2.0,0.0,2.0
Concept:Sum_monoid,6.0,4.0,2.0
Contribution:haskellList,4.0,2.0,2.0
Language:jinja2,2.0,0.0,2.0
Perspective:capture,2.0,0.0,2.0
Concept:Syntax,3.0,1.0,2.0
Feature:Model_projection,2.0,0.0,2.0
Technology:Phusion_Passenger,2.0,0.0,2.0
ATL_plugin,2.0,0.0,2.0
Technology:HTTP,2.0,0.0,2.0
resource/concept-101data,2.0,0.0,2.0
Concept:Testing,2.0,0.0,2.0
Java:javax.swing,2.0,0.0,2.0
resource/concept-feature,2.0,0.0,2.0
Contribution:h2jdbcOne,2.0,0.0,2.0
Concept:Case_expression,2.0,0.0,2.0
Technology:Haskell_Platform,2.0,0.0,2.0
Technology:Visual_Studio,2.0,0.0,2.0
scripts/Script:Unparsing_and_parsing_in_Haskell,2.0,0.0,2.0
Language:Prolog,2.0,0.0,2.0
Concept:Amortized_analysis,2.0,0.0,2.0
Technology:Pharo,2.0,0.0,2.0
Concept:Type-class_constraint,2.0,0.0,2.0
Concept:Type-class_instance,2.0,0.0,2.0
Contribution:fadfdsf,2.0,0.0,2.0
Concept:Unit_testing,2.0,0.0,2.0
Projectional_Editing,2.0,0.0,2.0
Property:supports,2.0,0.0,2.0
Transformation,3.0,1.0,2.0
Namespace:Perspective,2.0,0.0,2.0
Concept:Grammar,2.0,0.0,2.0
Concept:Abstract_data_type,3.0,1.0,2.0
resources/contribution,3.0,1.0,2.0
Concept:Greatest_common_divisor,2.0,0.0,2.0
Concept:Haskell_package,2.0,0.0,2.0
Feature:Cut/edit,2.0,0.0,2.0
Case_Class,2.0,0.0,2.0
Concept:Higher-kinded_polymorphism,2.0,0.0,2.0
Concept:Data_structure,2.0,0.0,2.0
Metaprogramming,2.0,0.0,2.0
resources/feature,2.0,0.0,2.0
Concept:Writer_monad,4.0,2.0,2.0
Script:Selected_design_patterns,2.0,0.0,2.0
Functional%20constructor/create_new_page_confirmation,2.0,0.0,2.0
Feature:Day_of_birth,3.0,1.0,2.0
resource/,2.0,0.0,2.0
Functional_constructor,2.0,0.0,2.0
Concept:Java_Language_Specification,2.0,0.0,2.0
Concept:Lambda_abstraction,2.0,0.0,2.0
Median,2.0,0.0,2.0
Visitor,2.0,0.0,2.0
Viewpoint,2.0,0.0,2.0
Namespace:Namespace,5.0,3.0,2.0
Concept:Zip_function,3.0,1.0,2.0
Feature:Projectional_Syntax,2.0,0.0,2.0
Factory,2.0,0.0,2.0
Concept:Factorial,2.0,0.0,2.0
Push-based_XML_parsing,2.0,0.0,2.0
Property:similarTo,2.0,0.0,2.0
Feature:Access_control,2.0,0.0,2.0
Concept:External_DSL,2.0,0.0,2.0
Feature:Abstraction/create_new_page_confirmation,2.0,0.0,2.0
Name_binding,2.0,0.0,2.0
Composite_pattern,5.0,3.0,2.0
REST,2.0,0.0,2.0
Record,2.0,0.0,2.0
Multiple_recursion/create_new_page_confirmation,2.0,0.0,2.0
Concept:Acceptor,3.0,1.0,2.0
Language:FSML,3.0,1.0,2.0
Recursive_function/create_new_page_confirmation,2.0,0.0,2.0
Command_pattern,6.0,4.0,2.0
Concept:Eagerness,2.0,0.0,2.0
Modularization,6.0,4.0,2.0
Modularity,3.0,1.0,2.0
Reference_relationship,2.0,0.0,2.0
Feature:API/create_new_page_confirmation,2.0,0.0,2.0
Concept:Functional_programming,2.0,0.0,2.0
Palette,2.0,0.0,2.0
Property:managedBy,2.0,0.0,2.0
resources/101,2.0,0.0,2.0
Namespace:Language,7.0,5.0,2.0
Binary_recursion/create_new_page_confirmation,2.0,0.0,2.0
Feature:Editing,2.0,0.0,2.0
resources/script,2.0,0.0,2.0
Static%20annotation/create_new_page_confirmation,2.0,0.0,2.0
Guard,2.0,0.0,2.0
Static_annotation,2.0,0.0,2.0
Concept:Non-strict_evaluation,2.0,0.0,2.0
Feature:Serialization,4.0,2.0,2.0
Struct,2.0,0.0,2.0
Lexer,4.0,2.0,2.0
Structural%20editor/create_new_page_confirmation,2.0,0.0,2.0
Heap,2.0,0.0,2.0
Contribution:springBootMicroservice,2.0,0.0,2.0
Structured_Editor,4.0,2.0,2.0
Graph_visualization,2.0,0.0,2.0
Hello_world_program,2.0,0.0,2.0
Contribution:py3k,2.0,0.0,2.0
Concept:Package,2.0,0.0,2.0
Concept:Package_management_system,2.0,0.0,2.0
Tree-based_abstract_syntax,2.0,0.0,2.0
Language:Lua,2.0,0.0,2.0
Language_Embedding,2.0,0.0,2.0
System:101,2.0,0.0,2.0
Concept:Parametric_polymorphism,2.0,0.0,2.0
System:FSML,2.0,0.0,2.0
Contribution:jxpath,2.0,0.0,2.0
Transformation_Rule,2.0,0.0,2.0
Language_implementation,2.0,0.0,2.0
Contribution/create_new_page_confirmation,2.0,0.0,2.0
Applicative_functor,2.0,0.0,2.0
Spaghetti_code/create_new_page_confirmation,2.0,0.0,2.0
resources/technology,2.0,0.0,2.0
Section:Metadata,3.0,1.0,2.0
Property:hasOptional,2.0,0.0,2.0
Context-free_grammar,6.0,4.0,2.0
URI,2.0,0.0,2.0
Property:hasMandatory,2.0,0.0,2.0
Macro,2.0,0.0,2.0
resources/wikipage-technology-jpa,2.0,0.0,2.0
Property:hasDomain,2.0,0.0,2.0
Type_inference,2.0,0.0,2.0
Control-flow_graph,18.0,16.0,2.0
Feature:Staging,2.0,0.0,2.0
Concept:Data_modeling,2.0,0.0,2.0
resource/101,2.0,0.0,2.0
Feature:Ranking,5.0,3.0,2.0
Single_recursion,9.0,7.0,2.0
Attribute/create_new_page_confirmation,2.0,0.0,2.0
Type_checking,2.0,0.0,2.0
Package,3.0,1.0,2.0
Type:URI,2.0,0.0,2.0
Grammar_language,2.0,0.0,2.0
Concept:Monad,2.0,0.0,2.0
Concept:Monoid,4.0,2.0,2.0
Getter,2.0,0.0,2.0
Feature:Hierarchical_company,11.0,9.0,2.0
resource/haskell,3.0,0.0,3.0
Concept:Parsing_problem,3.0,0.0,3.0
Concept:Call-by-value_evaluation,3.0,0.0,3.0
Compiler,3.0,0.0,3.0
Concrete_syntax,3.0,0.0,3.0
XML_processing,5.0,2.0,3.0
Concept:Functor,5.0,2.0,3.0
Concept:Data_parallelism,3.0,0.0,3.0
Concept:Maybe_type,4.0,1.0,3.0
Type_system,3.0,0.0,3.0
resource/101companies,3.0,0.0,3.0
Type_constructor,7.0,4.0,3.0
Algorithmic_problem,5.0,2.0,3.0
resource/101contribution,3.0,0.0,3.0
Concept:Pattern_matching,3.0,0.0,3.0
Concept:Product_monoid,4.0,1.0,3.0
Concept:Algorithmic_problem,3.0,0.0,3.0
Concept:Constructor_component,3.0,0.0,3.0
Concept:Reverse_Polish_notation,3.0,0.0,3.0
scripts/Script:Basic_software_engineering_for_Haskell,3.0,0.0,3.0
scripts/Script:Data_modeling_in_Haskell,3.0,0.0,3.0
Concept:Sorting_algorithm,4.0,1.0,3.0
Concept:Sorting_problem,3.0,0.0,3.0
Technology:csc.exe,3.0,0.0,3.0
Technology:Xalan-Java,4.0,1.0,3.0
Technology:USE,4.0,1.0,3.0
resource/contribution,4.0,1.0,3.0
Concept:Type_class,3.0,0.0,3.0
Concept:Type_inference,3.0,0.0,3.0
resource/language,4.0,1.0,3.0
Technology:ATL,3.0,0.0,3.0
Feature:API,3.0,0.0,3.0
Documentation_generation,3.0,0.0,3.0
Design_pattern,3.0,0.0,3.0
Semantic_annotation,3.0,0.0,3.0
Contributor:hakanaksu,3.0,0.0,3.0
Software_system,3.0,0.0,3.0
Functional_programming_language,7.0,4.0,3.0
Static_Annotation,3.0,0.0,3.0
Contribution:xom,3.0,0.0,3.0
Eager_evaluation,3.0,0.0,3.0
List_comprehension,7.0,4.0,3.0
Contribution:mySqlOne,3.0,0.0,3.0
Contribution:jsSyb,4.0,1.0,3.0
Technology:ANTLR3,3.0,0.0,3.0
Language:XPath,3.0,0.0,3.0
Contribution:jaxbSubstitution,4.0,1.0,3.0
Contribution:javaTemplate,11.0,8.0,3.0
Technology:CMake,3.0,0.0,3.0
Contribution:javaExorcism,21.0,18.0,3.0
Lifting,3.0,0.0,3.0
Technology:Cabal,8.0,5.0,3.0
Exception,3.0,0.0,3.0
Technology:Ruby_on_Rails,4.0,1.0,3.0
Parser_combinator,5.0,2.0,3.0
OO_class,15.0,12.0,3.0
Perspective:Data,3.0,0.0,3.0
Namespace:Property,3.0,0.0,3.0
Feature:Open_serialization,3.0,0.0,3.0
Perspective:Test,3.0,0.0,3.0
Feature:Median,5.0,2.0,3.0
Program,3.0,0.0,3.0
Resource,3.0,0.0,3.0
Feature:History,5.0,2.0,3.0
Property:isA,3.0,0.0,3.0
Fold,3.0,0.0,3.0
Property:linksTo,3.0,0.0,3.0
Property:memberOf,3.0,0.0,3.0
Feature:Concrete_syntax,3.0,0.0,3.0
Feature:Code_generator,4.0,1.0,3.0
Feature:Closed_serialization,3.0,0.0,3.0
Reference,3.0,0.0,3.0
Property:exemplifiedBy,8.0,5.0,3.0
Language:TypeScript,3.0,0.0,3.0
Package_management_system,3.0,0.0,3.0
Inline_Macro,3.0,0.0,3.0
Technology:Maven,3.0,0.0,3.0
Technology:MongoDB,3.0,0.0,3.0
Internal_DSL,3.0,0.0,3.0
Contribution:haskellLambda,3.0,0.0,3.0
Iteration,5.0,2.0,3.0
Technology:MySQL,6.0,3.0,3.0
Language:MPS-Type_System_Language,3.0,0.0,3.0
Language:C,6.0,3.0,3.0
Contribution:haskellFlattened,3.0,0.0,3.0
Language:HTML,3.0,0.0,3.0
Java_annotation,3.0,0.0,3.0
Contribution:h2jdbcMany,3.0,0.0,3.0
Technology:JFace,3.0,0.0,3.0
Technology:JDBC,5.0,2.0,3.0
Searching_and_sorting_in_Haskell,4.0,0.0,4.0
Build_tool,4.0,0.0,4.0
Metamodel,4.0,0.0,4.0
Section:Description,4.0,0.0,4.0
Information_hiding,7.0,3.0,4.0
Document:Handbook_of_data_structures_and_applications,4.0,0.0,4.0
Section:Headline,5.0,1.0,4.0
Function_application,4.0,0.0,4.0
Singly_linked_list,13.0,9.0,4.0
Functional_programming,5.0,1.0,4.0
Language:ANTLR,4.0,0.0,4.0
Generated_code,5.0,1.0,4.0
Contribution:h2jdbcManySum,4.0,0.0,4.0
Concept:Lazy_evaluation,4.0,0.0,4.0
Dictionary,4.0,0.0,4.0
Technology:StringTemplate,4.0,0.0,4.0
Language:MPS-Test_Language,4.0,0.0,4.0
Technology:SWT,4.0,0.0,4.0
Concept:Binary_search_tree,4.0,0.0,4.0
Perspective:Capture,4.0,0.0,4.0
Contribution:101kafka/edit,8.0,4.0,4.0
Feature:Unparsing,6.0,2.0,4.0
resource/101system,4.0,0.0,4.0
Module,9.0,5.0,4.0
Contribution:antlrAcceptor,5.0,1.0,4.0
Property:implements,4.0,0.0,4.0
Property:instanceOf,5.0,1.0,4.0
Contribution:atlCutPlugin,4.0,0.0,4.0
Concept:Type_synonym,5.0,1.0,4.0
Technology:Java_SE,4.0,0.0,4.0
Property:relatesTo,5.0,1.0,4.0
Property:sameAs,5.0,1.0,4.0
101haskell,8.0,4.0,4.0
Reader_monad,4.0,0.0,4.0
admin/users,4.0,0.0,4.0
Feature:Restructuring,4.0,0.0,4.0
Either_type,10.0,6.0,4.0
Lambda_abstraction,5.0,1.0,4.0
Concept:Newtype,4.0,0.0,4.0
Implicit_conversion,4.0,0.0,4.0
Concept:Pretty_printing,5.0,1.0,4.0
Concept:Polymorphism,4.0,0.0,4.0
Concept:Quicksort,5.0,1.0,4.0
Contribution:javaJsonHttp,4.0,0.0,4.0
Amortized_analysis,4.0,0.0,4.0
Information:Download,4.0,0.0,4.0
Adapter_pattern,9.0,5.0,4.0
Technology:Gson,4.0,0.0,4.0
Language:XMI,5.0,1.0,4.0
Language:Xtend,4.0,0.0,4.0
Concept:Singleton_pattern,8.0,4.0,4.0
Technology:DOM,5.0,1.0,4.0
Contribution:haskellVariation,4.0,0.0,4.0
Technology:scalameta,6.0,2.0,4.0
Technology:Graphviz,4.0,0.0,4.0
Contribution:jaxbExtension,6.0,2.0,4.0
Acceptor,4.0,0.0,4.0
Anonymous_function,5.0,1.0,4.0
Concept:Parse_tree,4.0,0.0,4.0
Structural_equality,9.0,5.0,4.0
Information:Presentations,4.0,0.0,4.0
Contribution:haskellTree,6.0,2.0,4.0
resource/language-haskell,5.0,0.0,5.0
Technology:Haddock,5.0,0.0,5.0
Function,5.0,0.0,5.0
External_DSL,5.0,0.0,5.0
Recursive_descent_parser,8.0,3.0,5.0
Record_type,10.0,5.0,5.0
Concept:Structural_typing,5.0,0.0,5.0
Queue,14.0,9.0,5.0
Constructor_method,14.0,9.0,5.0
OO_interface,6.0,1.0,5.0
Concept:Composite_pattern,7.0,2.0,5.0
101system,15.0,10.0,5.0
Testing_framework,5.0,0.0,5.0
Testing,6.0,1.0,5.0
Technology:React,5.0,0.0,5.0
Language:Ecore,6.0,1.0,5.0
Concept:Search_algorithm,5.0,0.0,5.0
Concept:Combinator_library,5.0,0.0,5.0
Concept:Data_variation,5.0,0.0,5.0
Concept:Command_pattern,7.0,2.0,5.0
Technology:xjc,5.0,0.0,5.0
Contribution:haskellRecord,5.0,0.0,5.0
Quasi-quotation,5.0,0.0,5.0
Property:uses,6.0,1.0,5.0
Concept:List_monoid,5.0,0.0,5.0
Technology:JAXP,5.0,0.0,5.0
Tail_recursion,19.0,14.0,5.0
Data_structure,9.0,4.0,5.0
Contribution:mySqlMany,6.0,1.0,5.0
Concept:Observer_pattern,6.0,1.0,5.0
Tuple_type,6.0,1.0,5.0
Concept:Nominal_typing,5.0,0.0,5.0
Contribution:haskellData,7.0,2.0,5.0
Technology:Template_Haskell,5.0,0.0,5.0
Documentation,5.0,0.0,5.0
Haskell_package,5.0,0.0,5.0
Function_definition,6.0,0.0,6.0
Concept:Parser_combinator,6.0,0.0,6.0
Property:facilitates,6.0,0.0,6.0
Sorting_problem,16.0,10.0,6.0
Concept:Median,6.0,0.0,6.0
Search_algorithm,14.0,8.0,6.0
Namespace:Section,6.0,0.0,6.0
Namespace:Technology,7.0,1.0,6.0
Factorial,10.0,4.0,6.0
List_type,6.0,0.0,6.0
Contribution:jaxbComposition,21.0,15.0,6.0
Visitor_pattern,6.0,0.0,6.0
Function_composition,6.0,0.0,6.0
Monad,19.0,12.0,7.0
Concept:Parser,7.0,0.0,7.0
Product_monoid,7.0,0.0,7.0
Type_synonym,8.0,1.0,7.0
Equality,7.0,0.0,7.0
Map_function,12.0,5.0,7.0
Software_engineering,7.0,0.0,7.0
Language:DOT,8.0,1.0,7.0
Contribution:haskellBarchart,7.0,0.0,7.0
Concept:Stack,10.0,3.0,7.0
System:Company,7.0,0.0,7.0
Accumulator_parameter,9.0,2.0,7.0
Associative_array,8.0,1.0,7.0
Feature:Flat_company,13.0,6.0,7.0
resources/language,7.0,0.0,7.0
Rose_tree,26.0,19.0,7.0
Concept:Proxy_pattern,9.0,2.0,7.0
Doubly_linked_list,12.0,5.0,7.0
Script:Monads,24.0,17.0,7.0
Contribution:dom,7.0,0.0,7.0
Recursion,14.0,7.0,7.0
Case_expression,8.0,1.0,7.0
Total_order,7.0,0.0,7.0
IDE,7.0,0.0,7.0
Technology:GHCi,10.0,3.0,7.0
Unit_testing,8.0,1.0,7.0
Filter_function,9.0,2.0,7.0
Contribution:hughesPJ,9.0,2.0,7.0
Feature:Depth,8.0,1.0,7.0
Bounded_polymorphism,10.0,2.0,8.0
Bidirectional_transformation,8.0,0.0,8.0
Language:Python,8.0,0.0,8.0
Foldable_type,13.0,5.0,8.0
Functional_data_structure,10.0,2.0,8.0
Maybe_monad,10.0,2.0,8.0
resources,15.0,7.0,8.0
Higher-kinded_polymorphism,9.0,1.0,8.0
Binary_search_tree,8.0,0.0,8.0
Constructor_component,9.0,1.0,8.0
resource/101contributor,9.0,1.0,8.0
Concept:Template_method_pattern,11.0,3.0,8.0
Technology:JDOM,9.0,1.0,8.0
Technology:JPA,10.0,2.0,8.0
Technology:GHC,10.0,2.0,8.0
Data_parallelism,8.0,0.0,8.0
Partial_application,8.0,0.0,8.0
Concept:Unparsing,9.0,1.0,8.0
Technology:HUnit,10.0,2.0,8.0
Contribution:haskellProfessional,8.0,0.0,8.0
Sum_monoid,10.0,1.0,9.0
Contribution:haskellMonoid,9.0,0.0,9.0
Zip_function,10.0,1.0,9.0
Technology:ANTLR4,11.0,2.0,9.0
Immutable_list,10.0,1.0,9.0
Skew_heap,13.0,4.0,9.0
Contribution:jmsPublishSubscribe,11.0,2.0,9.0
Local_scope,9.0,0.0,9.0
Type-class_polymorphism,12.0,3.0,9.0
Contribution:jdbc,9.0,0.0,9.0
Uncurrying,9.0,0.0,9.0
Greatest_common_divisor,11.0,2.0,9.0
Concept:Binary_search,14.0,5.0,9.0
Language:ANTLR4,11.0,2.0,9.0
Technology:JUnit,13.0,4.0,9.0
Newtype,10.0,0.0,10.0
Contribution:101kafka,13.0,3.0,10.0
Contribution:jmsPointToPoint,17.0,7.0,10.0
Currying,12.0,2.0,10.0
Concept:Unparser,10.0,0.0,10.0
Unparser,11.0,1.0,10.0
Contribution:jpa,38.0,28.0,10.0
resource/101worker,11.0,1.0,10.0
Technology:Haskell_platform,11.0,1.0,10.0
Structural_typing,15.0,5.0,10.0
List_monoid,11.0,0.0,11.0
Higher-order_function,12.0,1.0,11.0
Type-class_constraint,12.0,1.0,11.0
Insertion_sort,37.0,26.0,11.0
Concept:Adapter_pattern,18.0,7.0,11.0
Syntax,13.0,2.0,11.0
admin,11.0,0.0,11.0
Script:Type-class_polymorphism,64.0,53.0,11.0
Language:JSON,14.0,3.0,11.0
Type-class_instance,12.0,0.0,12.0
Contribution:haskellComposition,13.0,1.0,12.0
Parsing_problem,12.0,0.0,12.0
Nominal_typing,12.0,0.0,12.0
Concept:Decorator_pattern,12.0,0.0,12.0
Pretty_printing,13.0,1.0,12.0
Parsing,15.0,3.0,12.0
Grammar,12.0,0.0,12.0
Contribution:javaGson,21.0,8.0,13.0
Language:Java,35.0,22.0,13.0
Parse_tree,13.0,0.0,13.0
Sorting_algorithm,24.0,11.0,13.0
contribute/new,24.0,10.0,14.0
Functor,20.0,6.0,14.0
Data_constructor,14.0,0.0,14.0
Maybe_type,18.0,4.0,14.0
Algebraic_data_type,24.0,10.0,14.0
Contribution:jaxbChoice,16.0,2.0,14.0
Parametric_polymorphism,15.0,1.0,14.0
Contribution:haskellAcceptor,14.0,0.0,14.0
Feature:Total,22.0,8.0,14.0
Monoid,16.0,2.0,14.0
Language:Scala,18.0,3.0,15.0
scripts/Script:Searching_and_sorting_in_Haskell,71.0,56.0,15.0
Contribution:haskellEngineer,18.0,3.0,15.0
Combinator_library,16.0,1.0,15.0
Feature:Cut,19.0,4.0,15.0
Pattern_matching,20.0,5.0,15.0
Parser,17.0,2.0,15.0
Unparsing,15.0,0.0,15.0
Type_class,22.0,6.0,16.0
Feature:Parsing,17.0,1.0,16.0
Contribution:javaGsonObjects,18.0,2.0,16.0
Stack,32.0,13.0,19.0
Script:Data_modeling_in_Haskell,76.0,57.0,19.0
Technology:JAXB,24.0,4.0,20.0
Fold_function,23.0,3.0,20.0
Language:Haskell,54.0,33.0,21.0
Contribution:haskellParsec,22.0,0.0,22.0
Contribution:javaJson,37.0,15.0,22.0
Technology:HughesPJ,24.0,1.0,23.0
Polymorphism,25.0,0.0,25.0
Technology:Parsec,43.0,17.0,26.0
Script:Functional_data_structures,63.0,35.0,28.0
Namespace:Concept,96.0,60.0,36.0
Script:Basic_software_engineering_for_Haskell,69.0,32.0,37.0
Script:Functors_and_friends,52.0,14.0,38.0
Concept:101project,77.0,23.0,54.0
Contribution:haskellStarter,80.0,19.0,61.0
Namespace:Contribution,120.0,40.0,80.0
Metadata,117.0,27.0,90.0
101project,427.0,323.0,104.0
